statistic,rho_hrc_vep,rho_hrc_vep,rho_djt_avp,rho_djt_vep
10%,-0.00345242384391265,-0.00345242384391265,-0.00717493112130192,-0.00810598844861962
25%,-0.0024401250185109,-0.0024401250185109,-0.00615232383545072,-0.00744668799198865
mean,-0.00136523598002047,-0.00136523598002047,-0.00496343777335304,-0.00594710390259333
50%,-0.00101318938884928,-0.00101318938884928,-0.00501021359437278,-0.00599967884959336
75%,0.000235583770816395,0.000235583770816395,-0.00358236186055068,-0.00458664844763093
90%,0.00113899175894867,0.00113899175894867,-0.00277534396561224,-0.00372849973287825
std_deviation,0.00249040960578793,0.00249040960578793,0.00174236028630205,0.0018262720253879
length,51,51,50,50
